bench,mode,api,iface,op,size_bytes,blocks,threads,repeats,total_bytes,host_ms,host_wall_ns,gbps_host,gbps_host_wall,dev_cycles,bytes_per_cycle,clk_khz,clk_eff_khz_from_host,gbps_dev
ptshmem_perf_matrix_device,dev_put,device,blocking,put,1024,4,128,65536,67108864,162.064835,162097203,0.414087,0.414004,161377568,0.415850015,1073741,995759.311,0.446515
ptshmem_perf_matrix_device,dev_put,device,blocking,put,1024,4,256,65536,67108864,162.334656,162360275,0.413398,0.413333,161424904,0.415728071,1073741,994395.825,0.446384
ptshmem_perf_matrix_device,dev_put,device,blocking,put,1024,4,512,65536,67108864,163.046875,163074768,0.411592,0.411522,161582142,0.415323520,1073741,991016.491,0.445950
ptshmem_perf_matrix_device,dev_put,device,blocking,put,1024,8,128,65536,67108864,161.831070,161855712,0.414685,0.414622,160902856,0.417076898,1073741,994264.303,0.447833
ptshmem_perf_matrix_device,dev_put,device,blocking,put,1024,8,256,65536,67108864,162.527115,162552627,0.412909,0.412844,161081134,0.416615294,1073741,991103.141,0.447337
ptshmem_perf_matrix_device,dev_put,device,blocking,put,1024,8,512,65536,67108864,165.203751,165229388,0.406219,0.406156,162672794,0.412538952,1073741,984679.787,0.442960
ptshmem_perf_matrix_device,dev_put,device,blocking,put,1024,16,128,65536,67108864,159.822006,159847060,0.419898,0.419832,158746676,0.422741853,1073741,993271.701,0.453915
ptshmem_perf_matrix_device,dev_put,device,blocking,put,1024,16,256,65536,67108864,222.578857,222599848,0.301506,0.301478,220597612,0.304213919,1073741,991098.681,0.326647
ptshmem_perf_matrix_device,dev_put,device,blocking,put,1024,16,512,65536,67108864,433.828125,433841125,0.154690,0.154685,430248414,0.155977017,1073741,991748.550,0.167479
ptshmem_perf_matrix_device,dev_put,device,blocking,put,1024,32,128,65536,67108864,229.226181,229246166,0.292763,0.292737,227412710,0.295097244,1073741,992088.726,0.316858
ptshmem_perf_matrix_device,dev_put,device,blocking,put,1024,32,256,65536,67108864,435.279022,435289444,0.154174,0.154171,431857956,0.155395688,1073741,992140.521,0.166855
ptshmem_perf_matrix_device,dev_put,device,blocking,put,1024,32,512,65536,67108864,847.357849,847344639,0.079198,0.079199,841109612,0.079786110,1073741,992626.212,0.085670
ptshmem_perf_matrix_device,dev_put,device,blocking,put,1024,64,128,65536,67108864,436.109680,436117180,0.153881,0.153878,432814386,0.155052295,1073741,992443.887,0.166486
ptshmem_perf_matrix_device,dev_put,device,blocking,put,1024,64,256,65536,67108864,845.284973,845268117,0.079392,0.079394,839604420,0.079929146,1073741,993279.718,0.085823
ptshmem_perf_matrix_device,dev_put,device,blocking,put,1024,64,512,65536,67108864,1659.213745,1659148295,0.040446,0.040448,1648700020,0.040704108,1073741,993663.429,0.043706
ptshmem_perf_matrix_device,dev_put_nbi,device,nbi,put,1024,4,128,65536,67108864,147.089676,147116573,0.456245,0.456161,146439744,0.458269471,1073741,995581.390,0.492063
ptshmem_perf_matrix_device,dev_put_nbi,device,nbi,put,1024,4,256,65536,67108864,147.415222,147439352,0.455237,0.455162,146494660,0.458097681,1073741,993755.311,0.491878
ptshmem_perf_matrix_device,dev_put_nbi,device,nbi,put,1024,4,512,65536,67108864,148.099976,148126606,0.453132,0.453051,146656808,0.457591195,1073741,990255.450,0.491334
ptshmem_perf_matrix_device,dev_put_nbi,device,nbi,put,1024,8,128,65536,67108864,147.162323,147188608,0.456019,0.455938,146235032,0.458910995,1073741,993698.856,0.492752
ptshmem_perf_matrix_device,dev_put_nbi,device,nbi,put,1024,8,256,65536,67108864,147.854630,147882414,0.453884,0.453799,146420216,0.458330590,1073741,990298.488,0.492128
ptshmem_perf_matrix_device,dev_put_nbi,device,nbi,put,1024,8,512,65536,67108864,150.931244,150955512,0.444632,0.444561,148433692,0.452113419,1073741,983452.386,0.485453
ptshmem_perf_matrix_device,dev_put_nbi,device,nbi,put,1024,16,128,65536,67108864,145.409851,145436757,0.461515,0.461430,144234388,0.465276450,1073741,991916.207,0.499586
ptshmem_perf_matrix_device,dev_put_nbi,device,nbi,put,1024,16,256,65536,67108864,215.773056,215794397,0.311016,0.310985,213805274,0.313878431,1073741,990880.316,0.337024
ptshmem_perf_matrix_device,dev_put_nbi,device,nbi,put,1024,16,512,65536,67108864,425.630798,425639344,0.157669,0.157666,422023352,0.159016945,1073741,991524.471,0.170743
ptshmem_perf_matrix_device,dev_put_nbi,device,nbi,put,1024,32,128,65536,67108864,223.951385,223971705,0.299658,0.299631,222150346,0.302087596,1073741,991957.900,0.324364
ptshmem_perf_matrix_device,dev_put_nbi,device,nbi,put,1024,32,256,65536,67108864,429.368256,429378633,0.156297,0.156293,425937358,0.157555713,1073741,992009.429,0.169174
ptshmem_perf_matrix_device,dev_put_nbi,device,nbi,put,1024,32,512,65536,67108864,839.323120,839308807,0.079956,0.079957,832696850,0.080592192,1073741,992105.222,0.086535
ptshmem_perf_matrix_device,dev_put_nbi,device,nbi,put,1024,64,128,65536,67108864,431.151367,431158507,0.155650,0.155648,427863572,0.156846407,1073741,992374.383,0.168412
ptshmem_perf_matrix_device,dev_put_nbi,device,nbi,put,1024,64,256,65536,67108864,838.229736,838213014,0.080060,0.080062,832517484,0.080609555,1073741,993185.338,0.086554
ptshmem_perf_matrix_device,dev_put_nbi,device,nbi,put,1024,64,512,65536,67108864,1651.984497,1651919715,0.040623,0.040625,1641424198,0.040884534,1073741,993607.507,0.043899
ptshmem_perf_matrix_device,dev_get,device,blocking,get,1024,4,128,65536,67108864,193.343277,193366831,0.347097,0.347055,192660512,0.348327030,1073741,996468.639,0.374013
ptshmem_perf_matrix_device,dev_get,device,blocking,get,1024,4,256,65536,67108864,193.630737,193653893,0.346582,0.346540,192699176,0.348257140,1073741,995188.980,0.373938
ptshmem_perf_matrix_device,dev_get,device,blocking,get,1024,4,512,65536,67108864,194.291534,194312857,0.345403,0.345365,192821494,0.348036220,1073741,992433.842,0.373701
ptshmem_perf_matrix_device,dev_get,device,blocking,get,1024,8,128,65536,67108864,192.340088,192361974,0.348907,0.348868,191435648,0.350555733,1073741,995297.705,0.376406
ptshmem_perf_matrix_device,dev_get,device,blocking,get,1024,8,256,65536,67108864,192.979202,193002086,0.347752,0.347711,191551108,0.350344431,1073741,992599.750,0.376179
ptshmem_perf_matrix_device,dev_get,device,blocking,get,1024,8,512,65536,67108864,195.270706,195292282,0.343671,0.343633,192748636,0.348167776,1073741,987084.237,0.373842
ptshmem_perf_matrix_device,dev_get,device,blocking,get,1024,16,128,65536,67108864,191.169464,191194914,0.351044,0.350997,189982422,0.353237227,1073741,993790.629,0.379285
ptshmem_perf_matrix_device,dev_get,device,blocking,get,1024,16,256,65536,67108864,244.369308,244387482,0.274621,0.274600,242391590,0.276861355,1073741,991906.846,0.297277
ptshmem_perf_matrix_device,dev_get,device,blocking,get,1024,16,512,65536,67108864,457.813171,457818961,0.146586,0.146584,454231912,0.147741412,1073741,992177.465,0.158636
ptshmem_perf_matrix_device,dev_get,device,blocking,get,1024,32,128,65536,67108864,243.032776,243052653,0.276131,0.276108,241314666,0.278096914,1073741,992930.543,0.298604
ptshmem_perf_matrix_device,dev_get,device,blocking,get,1024,32,256,65536,67108864,445.162903,445174284,0.150751,0.150747,441770722,0.151908808,1073741,992379.911,0.163111
ptshmem_perf_matrix_device,dev_get,device,blocking,get,1024,32,512,65536,67108864,876.660950,876643053,0.076551,0.076552,870407312,0.077100529,1073741,992866.526,0.082786
ptshmem_perf_matrix_device,dev_get,device,blocking,get,1024,64,128,65536,67108864,446.242310,446248715,0.150387,0.150384,442967828,0.151498280,1073741,992662.100,0.162670
ptshmem_perf_matrix_device,dev_get,device,blocking,get,1024,64,256,65536,67108864,866.586304,866567918,0.077440,0.077442,860893882,0.077952539,1073741,993431.212,0.083701
ptshmem_perf_matrix_device,dev_get,device,blocking,get,1024,64,512,65536,67108864,1668.590698,1668521162,0.040219,0.040221,1658058700,0.040474360,1073741,993688.088,0.043459
ptshmem_perf_matrix_device,dev_get_nbi,device,nbi,get,1024,4,128,65536,67108864,174.071732,174099170,0.385524,0.385463,173134914,0.387610231,1073741,994618.210,0.416193
ptshmem_perf_matrix_device,dev_get_nbi,device,nbi,get,1024,4,256,65536,67108864,174.092575,174115410,0.385478,0.385427,173185452,0.387497121,1073741,994789.421,0.416072
ptshmem_perf_matrix_device,dev_get_nbi,device,nbi,get,1024,4,512,65536,67108864,174.776184,174800068,0.383970,0.383918,173348094,0.387133556,1073741,991829.035,0.415681
ptshmem_perf_matrix_device,dev_get_nbi,device,nbi,get,1024,8,128,65536,67108864,173.073990,173101317,0.387747,0.387685,172167564,0.389788079,1073741,994762.784,0.418531
ptshmem_perf_matrix_device,dev_get_nbi,device,nbi,get,1024,8,256,65536,67108864,173.774796,173797705,0.386183,0.386132,172330706,0.389419074,1073741,991689.879,0.418135
ptshmem_perf_matrix_device,dev_get_nbi,device,nbi,get,1024,8,512,65536,67108864,176.346054,176369989,0.380552,0.380500,173826310,0.386068507,1073741,985711.367,0.414538
ptshmem_perf_matrix_device,dev_get_nbi,device,nbi,get,1024,16,128,65536,67108864,172.877182,172901025,0.388188,0.388135,171705466,0.390837086,1073741,993222.263,0.419658
ptshmem_perf_matrix_device,dev_get_nbi,device,nbi,get,1024,16,256,65536,67108864,232.242752,232262242,0.288960,0.288936,230285546,0.291415875,1073741,991572.585,0.312905
ptshmem_perf_matrix_device,dev_get_nbi,device,nbi,get,1024,16,512,65536,67108864,437.344788,437350953,0.153446,0.153444,433757014,0.154715340,1073741,991796.464,0.166124
ptshmem_perf_matrix_device,dev_get_nbi,device,nbi,get,1024,32,128,65536,67108864,230.777069,230796978,0.290795,0.290770,228962226,0.293100155,1073741,992135.947,0.314714
ptshmem_perf_matrix_device,dev_get_nbi,device,nbi,get,1024,32,256,65536,67108864,434.472809,434483177,0.154460,0.154457,431057758,0.155684158,1073741,992139.782,0.167164
ptshmem_perf_matrix_device,dev_get_nbi,device,nbi,get,1024,32,512,65536,67108864,844.317627,844301018,0.079483,0.079485,837696226,0.080111217,1073741,992157.690,0.086019
ptshmem_perf_matrix_device,dev_get_nbi,device,nbi,get,1024,64,128,65536,67108864,424.928680,424940501,0.157930,0.157925,421631496,0.159164732,1073741,992240.617,0.170902
ptshmem_perf_matrix_device,dev_get_nbi,device,nbi,get,1024,64,256,65536,67108864,841.689209,841670859,0.079731,0.079733,835965204,0.080277102,1073741,993199.384,0.086197
ptshmem_perf_matrix_device,dev_get_nbi,device,nbi,get,1024,64,512,65536,67108864,1644.347900,1644283126,0.040812,0.040813,1633831546,0.041074531,1073741,993604.544,0.044103
ptshmem_perf_matrix_device,dev_c2c_put,device_c2c,blocking,put,1024,4,128,65536,67108864,29.126381,29158519,2.304058,2.301518,28452862,2.358598021,1073741,976875.983,2.532523
ptshmem_perf_matrix_device,dev_c2c_put,device_c2c,blocking,put,1024,4,256,65536,67108864,29.381910,29414004,2.284020,2.281528,28453480,2.358546793,1073741,968401.295,2.532468
ptshmem_perf_matrix_device,dev_c2c_put,device_c2c,blocking,put,1024,4,512,65536,67108864,29.903715,29937073,2.244165,2.241664,28475072,2.356758360,1073741,952225.229,2.530548
ptshmem_perf_matrix_device,dev_c2c_put,device_c2c,blocking,put,1024,8,128,65536,67108864,29.101515,29132838,2.306026,2.303547,28185382,2.380981177,1073741,968519.411,2.556557
ptshmem_perf_matrix_device,dev_c2c_put,device_c2c,blocking,put,1024,8,256,65536,67108864,29.641785,29673928,2.263995,2.261543,28188642,2.380705818,1073741,950976.546,2.556261
ptshmem_perf_matrix_device,dev_c2c_put,device_c2c,blocking,put,1024,8,512,65536,67108864,30.726234,30758684,2.184090,2.181786,28206436,2.379203952,1073741,917991.954,2.554649
ptshmem_perf_matrix_device,dev_c2c_put,device_c2c,blocking,put,1024,16,128,65536,67108864,29.440359,29474285,2.279485,2.276861,28348454,2.367284791,1073741,962911.284,2.541851
ptshmem_perf_matrix_device,dev_c2c_put,device_c2c,blocking,put,1024,16,256,65536,67108864,30.613050,30644632,2.192165,2.189906,28649394,2.342418272,1073741,935855.577,2.515151
ptshmem_perf_matrix_device,dev_c2c_put,device_c2c,blocking,put,1024,16,512,65536,67108864,32.751900,32783784,2.049007,2.047014,29182758,2.299606638,1073741,891024.895,2.469182
ptshmem_perf_matrix_device,dev_c2c_put,device_c2c,blocking,put,1024,32,128,65536,67108864,30.928274,30960446,2.169822,2.167568,29148354,2.302320879,1073741,942450.065,2.472096
ptshmem_perf_matrix_device,dev_c2c_put,device_c2c,blocking,put,1024,32,256,65536,67108864,33.125584,33156849,2.025892,2.023982,29738200,2.256655211,1073741,897741.163,2.423063
ptshmem_perf_matrix_device,dev_c2c_put,device_c2c,blocking,put,1024,32,512,65536,67108864,37.374298,37405617,1.795589,1.794085,30730024,2.183820748,1073741,822223.441,2.344858
ptshmem_perf_matrix_device,dev_c2c_put,device_c2c,blocking,put,1024,64,128,65536,67108864,47.005135,47036546,1.427692,1.426739,43719948,1.534971268,1073741,930110.048,1.648162
ptshmem_perf_matrix_device,dev_c2c_put,device_c2c,blocking,put,1024,64,256,65536,67108864,51.309879,51340771,1.307913,1.307126,45636264,1.470516167,1073741,889424.505,1.578953
ptshmem_perf_matrix_device,dev_c2c_put,device_c2c,blocking,put,1024,64,512,65536,67108864,59.797997,59829082,1.122259,1.121676,49300706,1.361215071,1073741,824454.143,1.461592
ptshmem_perf_matrix_device,dev_c2c_get,device_c2c,blocking,get,1024,4,128,65536,67108864,57.905220,57935848,1.158943,1.158331,57282952,1.171532920,1073741,989253.680,1.257923
ptshmem_perf_matrix_device,dev_c2c_get,device_c2c,blocking,get,1024,4,256,65536,67108864,58.170380,58201548,1.153660,1.153043,57259734,1.172007959,1073741,984345.200,1.258433
ptshmem_perf_matrix_device,dev_c2c_get,device_c2c,blocking,get,1024,4,512,65536,67108864,58.722401,58753438,1.142815,1.142212,57274044,1.171715132,1073741,975335.534,1.258119
ptshmem_perf_matrix_device,dev_c2c_get,device_c2c,blocking,get,1024,8,128,65536,67108864,57.215919,57246389,1.172905,1.172281,56316282,1.191642303,1073741,984276.448,1.279515
ptshmem_perf_matrix_device,dev_c2c_get,device_c2c,blocking,get,1024,8,256,65536,67108864,57.740604,57770439,1.162247,1.161647,56291346,1.192170178,1073741,974900.533,1.280082
ptshmem_perf_matrix_device,dev_c2c_get,device_c2c,blocking,get,1024,8,512,65536,67108864,58.839706,58871012,1.140537,1.139931,56304002,1.191902203,1073741,956904.876,1.279794
ptshmem_perf_matrix_device,dev_c2c_get,device_c2c,blocking,get,1024,16,128,65536,67108864,58.313599,58346249,1.150827,1.150183,57139706,1.174469886,1073741,979869.316,1.261076
ptshmem_perf_matrix_device,dev_c2c_get,device_c2c,blocking,get,1024,16,256,65536,67108864,59.272141,59304373,1.132216,1.131601,57420428,1.168728035,1073741,968759.142,1.254911
ptshmem_perf_matrix_device,dev_c2c_get,device_c2c,blocking,get,1024,16,512,65536,67108864,61.559834,61594364,1.090140,1.089529,58111966,1.154820059,1073741,943991.604,1.239978
ptshmem_perf_matrix_device,dev_c2c_get,device_c2c,blocking,get,1024,32,128,65536,67108864,66.767700,66800164,1.005110,1.004621,64955762,1.033147206,1073741,972862.055,1.109333
ptshmem_perf_matrix_device,dev_c2c_get,device_c2c,blocking,get,1024,32,256,65536,67108864,68.892624,68925273,0.974108,0.973647,65485984,1.024782097,1073741,950551.457,1.100351
ptshmem_perf_matrix_device,dev_c2c_get,device_c2c,blocking,get,1024,32,512,65536,67108864,73.205101,73235668,0.916724,0.916341,66547632,1.008433538,1073741,909057.307,1.082796
ptshmem_perf_matrix_device,dev_c2c_get,device_c2c,blocking,get,1024,64,128,65536,67108864,141.335510,141362231,0.474820,0.474730,138030460,0.486188802,1073741,976615.571,0.522041
ptshmem_perf_matrix_device,dev_c2c_get,device_c2c,blocking,get,1024,64,256,65536,67108864,145.545914,145582045,0.461084,0.460969,139849268,0.479865679,1073741,960860.147,0.515251
ptshmem_perf_matrix_device,dev_c2c_get,device_c2c,blocking,get,1024,64,512,65536,67108864,154.026245,154052860,0.435698,0.435622,143518956,0.467595821,1073741,931782.476,0.502077
ptshmem_perf_matrix_device,dev_put,device,blocking,put,16384,4,128,65536,1073741824,306.289917,306305472,3.505639,3.505461,305656866,3.512899409,1073741,997933.164,3.771944
ptshmem_perf_matrix_device,dev_put,device,blocking,put,16384,4,256,65536,1073741824,225.646149,225666746,4.758520,4.758086,224719702,4.778138341,1073741,995894.250,5.130483
ptshmem_perf_matrix_device,dev_put,device,blocking,put,16384,4,512,65536,1073741824,184.977524,185000078,5.804715,5.804007,183557058,5.849635180,1073741,992320.874,6.280993
ptshmem_perf_matrix_device,dev_put,device,blocking,put,16384,8,128,65536,1073741824,225.574753,225595993,4.760027,4.759578,224671930,4.779154316,1073741,995997.678,5.131574
ptshmem_perf_matrix_device,dev_put,device,blocking,put,16384,8,256,65536,1073741824,185.000153,185024944,5.804005,5.803227,183520952,5.850786040,1073741,992004.328,6.282229
ptshmem_perf_matrix_device,dev_put,device,blocking,put,16384,8,512,65536,1073741824,166.541061,166565124,6.447310,6.446378,164022500,6.546308122,1073741,984877.235,7.029039
ptshmem_perf_matrix_device,dev_put,device,blocking,put,16384,16,128,65536,1073741824,184.592712,184614497,5.816816,5.816130,183428046,5.853749453,1073741,993690.615,6.285411
ptshmem_perf_matrix_device,dev_put,device,blocking,put,16384,16,256,65536,1073741824,165.957108,165982563,6.469996,6.469004,163974264,6.548233837,1073741,988052.072,7.031107
ptshmem_perf_matrix_device,dev_put,device,blocking,put,16384,16,512,65536,1073741824,437.314423,437322688,2.455309,2.455262,433718222,2.475666849,1073741,991776.625,2.658225
ptshmem_perf_matrix_device,dev_put,device,blocking,put,16384,32,128,65536,1073741824,210.697617,210732378,5.096127,5.095286,208866622,5.140801406,1073741,991309.847,5.519889
ptshmem_perf_matrix_device,dev_put,device,blocking,put,16384,32,256,65536,1073741824,438.634338,438643128,2.447920,2.447871,435221784,2.467114155,1073741,992220.047,2.649042
ptshmem_perf_matrix_device,dev_put,device,blocking,put,16384,32,512,65536,1073741824,846.188293,846171775,1.268916,1.268941,839849036,1.278493846,1073741,992508.455,1.372771
ptshmem_perf_matrix_device,dev_put,device,blocking,put,16384,64,128,65536,1073741824,444.064087,444072769,2.417988,2.417941,440878944,2.435457258,1073741,992827.290,2.615050
ptshmem_perf_matrix_device,dev_put,device,blocking,put,16384,64,256,65536,1073741824,853.940857,853924933,1.257396,1.257419,848219766,1.265876919,1073741,993300.366,1.359224
ptshmem_perf_matrix_device,dev_put,device,blocking,put,16384,64,512,65536,1073741824,1663.913086,1663847126,0.645311,0.645337,1653379070,0.649422654,1073741,993669.131,0.697312
ptshmem_perf_matrix_device,dev_put_nbi,device,nbi,put,16384,4,128,65536,1073741824,291.317871,291340832,3.685808,3.685518,290651194,3.694262560,1073741,997711.513,3.966681
ptshmem_perf_matrix_device,dev_put_nbi,device,nbi,put,16384,4,256,65536,1073741824,210.611404,210635113,5.098213,5.097639,209688664,5.120647934,1073741,995618.754,5.498250
ptshmem_perf_matrix_device,dev_put_nbi,device,nbi,put,16384,4,512,65536,1073741824,170.122421,170202155,6.311583,6.308626,168646918,6.366803715,1073741,991326.815,6.836298
ptshmem_perf_matrix_device,dev_put_nbi,device,nbi,put,16384,8,128,65536,1073741824,211.696487,212217564,5.072081,5.059628,210172364,5.108863047,1073741,992800.431,5.485596
ptshmem_perf_matrix_device,dev_put_nbi,device,nbi,put,16384,8,256,65536,1073741824,172.079178,172655691,6.239813,6.218977,169096124,6.349890220,1073741,982664.644,6.818137
ptshmem_perf_matrix_device,dev_put_nbi,device,nbi,put,16384,8,512,65536,1073741824,155.385422,155957087,6.910184,6.884854,151520856,7.086429237,1073741,975129.161,7.608990
ptshmem_perf_matrix_device,dev_put_nbi,device,nbi,put,16384,16,128,65536,1073741824,171.308945,172111314,6.267868,6.238648,168456056,6.374017352,1073741,983346.528,6.844044
ptshmem_perf_matrix_device,dev_put_nbi,device,nbi,put,16384,16,256,65536,1073741824,213.686279,214366901,5.024852,5.008897,210375052,5.103940861,1073741,984504.259,5.480311
ptshmem_perf_matrix_device,dev_put_nbi,device,nbi,put,16384,16,512,65536,1073741824,268.052032,268884448,4.005722,3.993321,263010550,4.082504766,1073741,981192.150,4.383553
ptshmem_perf_matrix_device,dev_put_nbi,device,nbi,put,16384,32,128,65536,1073741824,153.638306,154491940,6.988764,6.950148,149903412,7.162891156,1073741,975690.349,7.691090
ptshmem_perf_matrix_device,dev_put_nbi,device,nbi,put,16384,32,256,65536,1073741824,259.471313,260143192,4.138191,4.127503,254476756,4.219410216,1073741,980751.022,4.530554
ptshmem_perf_matrix_device,dev_put_nbi,device,nbi,put,16384,32,512,65536,1073741824,500.412750,501119796,2.145712,2.142685,492260976,2.181245064,1073741,983709.899,2.342092
ptshmem_perf_matrix_device,dev_put_nbi,device,nbi,put,16384,64,128,65536,1073741824,440.645905,441538121,2.436745,2.431821,435629046,2.464807693,1073741,988614.762,2.646565
ptshmem_perf_matrix_device,dev_put_nbi,device,nbi,put,16384,64,256,65536,1073741824,848.888916,849574007,1.264879,1.263859,841653430,1.275752924,1073741,991476.522,1.369828
ptshmem_perf_matrix_device,dev_put_nbi,device,nbi,put,16384,64,512,65536,1073741824,986.202332,986807699,1.088764,1.088096,973856832,1.102566403,1073741,987481.778,1.183871
ptshmem_perf_matrix_device,dev_get,device,blocking,get,16384,4,128,65536,1073741824,527.257263,528208970,2.036467,2.032797,524912050,2.045565203,1073741,995552.051,2.196407
ptshmem_perf_matrix_device,dev_get,device,blocking,get,16384,4,256,65536,1073741824,340.690125,341670707,3.151667,3.142622,336363818,3.192203699,1073741,987301.345,3.427600
ptshmem_perf_matrix_device,dev_get,device,blocking,get,16384,4,512,65536,1073741824,244.491302,245175997,4.391738,4.379474,242093648,4.435233361,1073741,990193.293,4.762292
ptshmem_perf_matrix_device,dev_get,device,blocking,get,16384,8,128,65536,1073741824,339.121704,339800788,3.166243,3.159916,336409778,3.191767583,1073741,992003.089,3.427132
ptshmem_perf_matrix_device,dev_get,device,blocking,get,16384,8,256,65536,1073741824,245.385910,246034560,4.375727,4.364191,241572576,4.444800158,1073741,984459.849,4.772564
ptshmem_perf_matrix_device,dev_get,device,blocking,get,16384,8,512,65536,1073741824,200.117599,200815687,5.365554,5.346902,196623584,5.460900479,1073741,982540.189,5.863593
ptshmem_perf_matrix_device,dev_get,device,blocking,get,16384,16,128,65536,1073741824,245.380081,246132228,4.375831,4.362459,242421354,4.429237797,1073741,987942.268,4.755854
ptshmem_perf_matrix_device,dev_get,device,blocking,get,16384,16,256,65536,1073741824,198.509384,199500191,5.409023,5.382159,194830172,5.511168075,1073741,981465.802,5.917567
ptshmem_perf_matrix_device,dev_get,device,blocking,get,16384,16,512,65536,1073741824,447.183441,448212283,2.401122,2.395610,442187240,2.428251489,1073741,988827.401,2.607313
ptshmem_perf_matrix_device,dev_get,device,blocking,get,16384,32,128,65536,1073741824,199.717178,200434297,5.376312,5.357076,196189254,5.472989994,1073741,982335.399,5.876574
ptshmem_perf_matrix_device,dev_get,device,blocking,get,16384,32,256,65536,1073741824,443.382141,444440736,2.421707,2.415939,438457412,2.448907909,1073741,988892.811,2.629493
ptshmem_perf_matrix_device,dev_get,device,blocking,get,16384,32,512,65536,1073741824,852.425171,853109836,1.259632,1.258621,843674136,1.272697334,1073741,989733.955,1.366547
ptshmem_perf_matrix_device,dev_get,device,blocking,get,16384,64,128,65536,1073741824,453.944824,454985025,2.365358,2.359950,449520510,2.388638116,1073741,990253.630,2.564779
ptshmem_perf_matrix_device,dev_get,device,blocking,get,16384,64,256,65536,1073741824,864.637329,865467949,1.241841,1.240649,857296314,1.252474560,1073741,991509.718,1.344833
ptshmem_perf_matrix_device,dev_get,device,blocking,get,16384,64,512,65536,1073741824,1672.242554,1672623678,0.642097,0.641951,1659222878,0.647135378,1073741,992214.242,0.694856
ptshmem_perf_matrix_device,dev_get_nbi,device,nbi,get,16384,4,128,65536,1073741824,506.959808,507622060,2.118002,2.115239,504369650,2.128878738,1073741,994890.801,2.285864
ptshmem_perf_matrix_device,dev_get_nbi,device,nbi,get,16384,4,256,65536,1073741824,319.918060,320431769,3.356303,3.350922,316003518,3.397879336,1073741,987763.922,3.648442
ptshmem_perf_matrix_device,dev_get_nbi,device,nbi,get,16384,4,512,65536,1073741824,224.243683,225063581,4.788281,4.770838,221235464,4.853389256,1073741,986585.045,5.211283
ptshmem_perf_matrix_device,dev_get_nbi,device,nbi,get,16384,8,128,65536,1073741824,319.348297,320007916,3.362291,3.355360,316568460,3.391815546,1073741,991295.281,3.641931
ptshmem_perf_matrix_device,dev_get_nbi,device,nbi,get,16384,8,256,65536,1073741824,224.900467,224927611,4.774298,4.773722,221605696,4.845280800,1073741,985350.093,5.202577
ptshmem_perf_matrix_device,dev_get_nbi,device,nbi,get,16384,8,512,65536,1073741824,179.057785,180338741,5.996622,5.954028,174628102,6.148734435,1073741,975261.154,6.602148
ptshmem_perf_matrix_device,dev_get_nbi,device,nbi,get,16384,16,128,65536,1073741824,225.713181,226442431,4.757107,4.741787,221971098,4.837304648,1073741,983421.072,5.194012
ptshmem_perf_matrix_device,dev_get_nbi,device,nbi,get,16384,16,256,65536,1073741824,180.456497,180997810,5.950142,5.932347,176628368,6.079101767,1073741,978786.415,6.527381
ptshmem_perf_matrix_device,dev_get_nbi,device,nbi,get,16384,16,512,65536,1073741824,424.508118,425244389,2.529379,2.524999,418843460,2.563587418,1073741,986655.950,2.752629
ptshmem_perf_matrix_device,dev_get_nbi,device,nbi,get,16384,32,128,65536,1073741824,176.675827,177547988,6.077469,6.047615,174899484,6.139193778,1073741,989945.749,6.591904
ptshmem_perf_matrix_device,dev_get_nbi,device,nbi,get,16384,32,256,65536,1073741824,414.932190,414946030,2.587753,2.587666,409610378,2.621373582,1073741,987174.261,2.814676
ptshmem_perf_matrix_device,dev_get_nbi,device,nbi,get,16384,32,512,65536,1073741824,824.201721,824868023,1.302766,1.301713,814832476,1.317745494,1073741,988632.340,1.414917
ptshmem_perf_matrix_device,dev_get_nbi,device,nbi,get,16384,64,128,65536,1073741824,423.209808,423226294,2.537138,2.537039,417606488,2.571180896,1073741,986759.947,2.760782
ptshmem_perf_matrix_device,dev_get_nbi,device,nbi,get,16384,64,256,65536,1073741824,839.394104,839674021,1.279187,1.278760,832495864,1.289786377,1073741,991781.882,1.384897
ptshmem_perf_matrix_device,dev_get_nbi,device,nbi,get,16384,64,512,65536,1073741824,1649.048218,1649655696,0.651128,0.650888,1636514550,0.656115049,1073741,992399.453,0.704498
ptshmem_perf_matrix_device,dev_c2c_put,device_c2c,blocking,put,16384,4,128,65536,1073741824,174.736145,176057981,6.144933,6.098797,172902466,6.210101272,1073741,989506.012,6.668040
ptshmem_perf_matrix_device,dev_c2c_put,device_c2c,blocking,put,16384,4,256,65536,1073741824,94.157463,95377705,11.403683,11.257786,92210770,11.644429647,1073741,979325.132,12.503102
ptshmem_perf_matrix_device,dev_c2c_put,device_c2c,blocking,put,16384,4,512,65536,1073741824,55.254780,56287868,19.432560,19.075901,51842426,20.711643086,1073741,938243.283,22.238940
ptshmem_perf_matrix_device,dev_c2c_put,device_c2c,blocking,put,16384,8,128,65536,1073741824,95.850548,96935471,11.202250,11.076872,92162298,11.650553939,1073741,961520.827,12.509677
ptshmem_perf_matrix_device,dev_c2c_put,device_c2c,blocking,put,16384,8,256,65536,1073741824,54.609180,55320225,19.662295,19.409571,51480510,20.857249161,1073741,942707.976,22.395284
ptshmem_perf_matrix_device,dev_c2c_put,device_c2c,blocking,put,16384,8,512,65536,1073741824,54.087315,55161539,19.852008,19.465407,49691066,21.608347545,1073741,918719.414,23.201769
ptshmem_perf_matrix_device,dev_c2c_put,device_c2c,blocking,put,16384,16,128,65536,1073741824,53.362068,54136557,20.121818,19.833951,50256718,21.365140159,1073741,941806.038,22.940627
ptshmem_perf_matrix_device,dev_c2c_put,device_c2c,blocking,put,16384,16,256,65536,1073741824,49.915459,50669376,21.511208,21.191140,46057434,23.313105632,1073741,922708.820,25.032237
ptshmem_perf_matrix_device,dev_c2c_put,device_c2c,blocking,put,16384,16,512,65536,1073741824,52.128426,53373113,20.598010,20.117654,45719892,23.485222231,1073741,877062.591,25.217046
ptshmem_perf_matrix_device,dev_c2c_put,device_c2c,blocking,put,16384,32,128,65536,1073741824,51.632786,52483230,20.795737,20.458760,48224642,22.265418248,1073741,933992.642,23.907292
ptshmem_perf_matrix_device,dev_c2c_put,device_c2c,blocking,put,16384,32,256,65536,1073741824,52.574074,54231424,20.423409,19.799256,48123636,22.312150811,1073741,915349.193,23.957471
ptshmem_perf_matrix_device,dev_c2c_put,device_c2c,blocking,put,16384,32,512,65536,1073741824,58.571354,59316991,18.332201,18.101758,47762468,22.480869791,1073741,815457.810,24.138632
ptshmem_perf_matrix_device,dev_c2c_put,device_c2c,blocking,put,16384,64,128,65536,1073741824,54.076054,54821888,19.856142,19.586006,48256622,22.250662800,1073741,892384.314,23.891449
ptshmem_perf_matrix_device,dev_c2c_put,device_c2c,blocking,put,16384,64,256,65536,1073741824,55.271526,56125392,19.426672,19.131124,47786010,22.469794486,1073741,864568.308,24.126740
ptshmem_perf_matrix_device,dev_c2c_put,device_c2c,blocking,put,16384,64,512,65536,1073741824,69.648598,69679422,15.416561,15.409741,59208888,18.134808139,1073741,850108.831,19.472087
ptshmem_perf_matrix_device,dev_c2c_get,device_c2c,blocking,get,16384,4,128,65536,1073741824,391.379974,392178612,2.743477,2.737890,388750122,2.762035980,1073741,993280.565,2.965711
ptshmem_perf_matrix_device,dev_c2c_get,device_c2c,blocking,get,16384,4,256,65536,1073741824,203.243042,204193920,5.283043,5.258442,200576574,5.353276320,1073741,986880.397,5.748032
ptshmem_perf_matrix_device,dev_c2c_get,device_c2c,blocking,get,16384,4,512,65536,1073741824,109.130783,109915108,9.839037,9.768828,106289484,10.102051337,1073741,973964.275,10.846987
ptshmem_perf_matrix_device,dev_c2c_get,device_c2c,blocking,get,16384,8,128,65536,1073741824,203.142822,203881688,5.285650,5.266495,200730956,5.349159120,1073741,988127.239,5.743611
ptshmem_perf_matrix_device,dev_c2c_get,device_c2c,blocking,get,16384,8,256,65536,1073741824,109.989273,110748178,9.762241,9.695345,106345058,10.096772189,1073741,966867.541,10.841318
ptshmem_perf_matrix_device,dev_c2c_get,device_c2c,blocking,get,16384,8,512,65536,1073741824,63.955250,64040653,16.788955,16.766566,58442908,18.372491389,1073741,913809.393,19.727297
ptshmem_perf_matrix_device,dev_c2c_get,device_c2c,blocking,get,16384,16,128,65536,1073741824,108.321220,109925577,9.912571,9.767898,105261726,10.200686088,1073741,971755.355,10.952895
ptshmem_perf_matrix_device,dev_c2c_get,device_c2c,blocking,get,16384,16,256,65536,1073741824,63.431675,64765665,16.927534,16.578874,60083382,17.870861930,1073741,947214.180,19.188677
ptshmem_perf_matrix_device,dev_c2c_get,device_c2c,blocking,get,16384,16,512,65536,1073741824,65.974144,66777054,16.275191,16.079503,60107494,17.863693070,1073741,911076.527,19.180980
ptshmem_perf_matrix_device,dev_c2c_get,device_c2c,blocking,get,16384,32,128,65536,1073741824,64.367302,65433042,16.681479,16.409780,59603776,18.014661085,1073741,925994.631,19.343080
ptshmem_perf_matrix_device,dev_c2c_get,device_c2c,blocking,get,16384,32,256,65536,1073741824,67.091347,68180221,16.004178,15.748582,61224564,17.537761870,1073741,912555.299,18.831014
ptshmem_perf_matrix_device,dev_c2c_get,device_c2c,blocking,get,16384,32,512,65536,1073741824,70.168884,70969923,15.302250,15.129533,61740382,17.391240372,1073741,879882.624,18.673688
ptshmem_perf_matrix_device,dev_c2c_get,device_c2c,blocking,get,16384,64,128,65536,1073741824,67.477051,68808841,15.912696,15.604707,63079512,17.022037583,1073741,934829.120,18.277260
ptshmem_perf_matrix_device,dev_c2c_get,device_c2c,blocking,get,16384,64,256,65536,1073741824,71.174751,72207062,15.085993,14.870316,64251766,16.711475666,1073741,902732.568,17.943797
ptshmem_perf_matrix_device,dev_c2c_get,device_c2c,blocking,get,16384,64,512,65536,1073741824,78.991608,79887095,13.593113,13.440742,66550406,16.134264064,1073741,842499.703,17.324021
ptshmem_perf_matrix_device,dev_put,device,blocking,put,65536,4,128,16384,1073741824,202.737518,203904443,5.296217,5.265907,199712768,5.376430534,1073741,985080.461,5.772894
ptshmem_perf_matrix_device,dev_put,device,blocking,put,65536,4,256,16384,1073741824,122.087692,123253121,8.794841,8.711681,119194644,9.008305977,1073741,976303.522,9.672587
ptshmem_perf_matrix_device,dev_put,device,blocking,put,65536,4,512,16384,1073741824,81.435081,82690568,13.185249,12.985058,78512202,13.676113988,1073741,964107.858,14.684604
ptshmem_perf_matrix_device,dev_put,device,blocking,put,65536,8,128,16384,1073741824,120.616501,121837259,8.902114,8.812918,118030156,9.097182113,1073741,978557.288,9.768017
ptshmem_perf_matrix_device,dev_put,device,blocking,put,65536,8,256,16384,1073741824,81.053627,81087739,13.247301,13.241728,78097160,13.748794758,1073741,963524.556,14.762645
ptshmem_perf_matrix_device,dev_put,device,blocking,put,65536,8,512,16384,1073741824,62.152470,62907918,17.275932,17.068469,57391348,18.709123612,1073741,923396.099,20.088753
ptshmem_perf_matrix_device,dev_put,device,blocking,put,65536,16,128,16384,1073741824,79.911743,80637687,13.436596,13.315633,77257002,13.898310784,1073741,966779.086,14.923186
ptshmem_perf_matrix_device,dev_put,device,blocking,put,65536,16,256,16384,1073741824,63.215904,64026994,16.985311,16.770143,59132998,18.158081956,1073741,935413.306,19.497077
ptshmem_perf_matrix_device,dev_put,device,blocking,put,65536,16,512,16384,1073741824,114.517303,114546491,9.376241,9.373852,108683836,9.879498769,1073741,949060.384,10.608023
ptshmem_perf_matrix_device,dev_put,device,blocking,put,65536,32,128,16384,1073741824,59.809437,60767207,17.952716,17.669758,57205590,18.769875881,1073741,956464.282,20.153985
ptshmem_perf_matrix_device,dev_put,device,blocking,put,65536,32,256,16384,1073741824,69.680923,70797733,15.409409,15.166331,64776286,16.576156033,1073741,929612.910,17.798498
ptshmem_perf_matrix_device,dev_put,device,blocking,put,65536,32,512,16384,1073741824,132.310760,133541259,8.115302,8.040525,123141764,8.719558573,1073741,930701.052,9.362548
ptshmem_perf_matrix_device,dev_put,device,blocking,put,65536,64,128,16384,1073741824,75.287300,77022713,14.261925,13.940587,70942748,15.135328899,1073741,942293.692,16.251423
ptshmem_perf_matrix_device,dev_put,device,blocking,put,65536,64,256,16384,1073741824,136.459717,138023512,7.868563,7.779412,129669590,8.280598589,1073741,950240.797,8.891218
ptshmem_perf_matrix_device,dev_put,device,blocking,put,65536,64,512,16384,1073741824,428.455475,429571016,2.506076,2.499568,414362284,2.591311674,1073741,967106.989,2.782398
ptshmem_perf_matrix_device,dev_put_nbi,device,nbi,put,65536,4,128,16384,1073741824,199.369675,200539375,5.385683,5.354269,196201040,5.472661225,1073741,984106.737,5.876221
ptshmem_perf_matrix_device,dev_put_nbi,device,nbi,put,65536,4,256,16384,1073741824,117.982948,119217273,9.100822,9.006596,115411878,9.303564266,1073741,978208.120,9.989618
ptshmem_perf_matrix_device,dev_put_nbi,device,nbi,put,65536,4,512,16384,1073741824,78.585312,79397866,13.663391,13.523560,74755410,14.363399572,1073741,951264.406,15.422571
ptshmem_perf_matrix_device,dev_put_nbi,device,nbi,put,65536,8,128,16384,1073741824,117.853981,118798581,9.110781,9.038339,114256672,9.397629086,1073741,969476.559,10.090620
ptshmem_perf_matrix_device,dev_put_nbi,device,nbi,put,65536,8,256,16384,1073741824,76.719452,77768457,13.995692,13.806907,73279156,14.652759156,1073741,955157.449,15.733268
ptshmem_perf_matrix_device,dev_put_nbi,device,nbi,put,65536,8,512,16384,1073741824,61.424564,62219507,17.480658,17.257318,52782080,20.342923659,1073741,859299.216,21.843031
ptshmem_perf_matrix_device,dev_put_nbi,device,nbi,put,65536,16,128,16384,1073741824,77.361107,79268662,13.879608,13.545603,73693446,14.570384237,1073741,952590.378,15.644819
ptshmem_perf_matrix_device,dev_put_nbi,device,nbi,put,65536,16,256,16384,1073741824,58.615147,59607394,18.318504,18.013568,55091900,19.490012579,1073741,939891.874,20.927226
ptshmem_perf_matrix_device,dev_put_nbi,device,nbi,put,65536,16,512,16384,1073741824,114.996941,115744937,9.337134,9.276793,108259286,9.918242247,1073741,941410.140,10.649623
ptshmem_perf_matrix_device,dev_put_nbi,device,nbi,put,65536,32,128,16384,1073741824,58.304283,59331374,18.416174,18.097370,54710806,19.625772357,1073741,938366.841,21.072996
ptshmem_perf_matrix_device,dev_put_nbi,device,nbi,put,65536,32,256,16384,1073741824,71.299400,72810039,15.059619,14.747167,65879686,16.298526742,1073741,923986.537,17.500396
ptshmem_perf_matrix_device,dev_put_nbi,device,nbi,put,65536,32,512,16384,1073741824,131.796463,132644411,8.146970,8.094889,123566700,8.689572709,1073741,937557.027,9.330350
ptshmem_perf_matrix_device,dev_put_nbi,device,nbi,put,65536,64,128,16384,1073741824,117.838364,119138569,9.111989,9.012546,111676910,9.614716453,1073741,947712.668,10.323715
ptshmem_perf_matrix_device,dev_put_nbi,device,nbi,put,65536,64,256,16384,1073741824,219.323456,220459354,4.895700,4.870475,211113596,5.086085616,1073741,962567.342,5.461139
ptshmem_perf_matrix_device,dev_put_nbi,device,nbi,put,65536,64,512,16384,1073741824,260.018951,260891574,4.129475,4.115663,246784340,4.350931765,1073741,949101.358,4.671774
ptshmem_perf_matrix_device,dev_get,device,blocking,get,65536,4,128,16384,1073741824,417.574097,419362204,2.571380,2.560416,415681416,2.583088352,1073741,995467.438,2.773568
ptshmem_perf_matrix_device,dev_get,device,blocking,get,65536,4,256,16384,1073741824,231.259171,232082298,4.643024,4.626556,226980970,4.730536767,1073741,981500.407,5.079371
ptshmem_perf_matrix_device,dev_get,device,blocking,get,65536,4,512,16384,1073741824,137.001541,138176678,7.837443,7.770789,132196240,8.122332557,1073741,964925.204,8.721281
ptshmem_perf_matrix_device,dev_get,device,blocking,get,65536,8,128,16384,1073741824,229.512955,230526175,4.678350,4.657787,226479490,4.741011312,1073741,986783.035,5.090618
ptshmem_perf_matrix_device,dev_get,device,blocking,get,65536,8,256,16384,1073741824,135.918091,137228686,7.899918,7.824471,132802710,8.085240309,1073741,977078.983,8.681454
ptshmem_perf_matrix_device,dev_get,device,blocking,get,65536,8,512,16384,1073741824,90.001961,91218682,11.930205,11.771074,86439930,12.421826626,1073741,960422.743,13.337825
ptshmem_perf_matrix_device,dev_get,device,blocking,get,65536,16,128,16384,1073741824,135.220032,136539246,7.940701,7.863979,131999616,8.134431421,1073741,976183.886,8.734273
ptshmem_perf_matrix_device,dev_get,device,blocking,get,65536,16,256,16384,1073741824,89.710716,90976948,11.968936,11.802350,86181694,12.459047556,1073741,960662.200,13.377790
ptshmem_perf_matrix_device,dev_get,device,blocking,get,65536,16,512,16384,1073741824,70.030434,70950224,15.332503,15.133734,63206142,16.987934875,1073741,902552.486,18.240642
ptshmem_perf_matrix_device,dev_get,device,blocking,get,65536,32,128,16384,1073741824,91.583542,92413306,11.724179,11.618909,87025784,12.338203400,1073741,950233.876,13.248035
ptshmem_perf_matrix_device,dev_get,device,blocking,get,65536,32,256,16384,1073741824,69.578056,70616444,15.432191,15.205266,64487584,16.650365193,1073741,926837.963,17.878180
ptshmem_perf_matrix_device,dev_get,device,blocking,get,65536,32,512,16384,1073741824,132.614700,133707606,8.096703,8.030522,123435756,8.698790843,1073741,930784.866,9.340248
ptshmem_perf_matrix_device,dev_get,device,blocking,get,65536,64,128,16384,1073741824,72.339943,73206686,14.843001,14.667264,67140640,15.992427597,1073741,928126.804,17.171725
ptshmem_perf_matrix_device,dev_get,device,blocking,get,65536,64,256,16384,1073741824,134.505920,135837431,7.982859,7.904609,125869524,8.530594141,1073741,935791.701,9.159649
ptshmem_perf_matrix_device,dev_get,device,blocking,get,65536,64,512,16384,1073741824,263.215973,264682760,4.079319,4.056712,250874026,4.280003957,1073741,953110.950,4.595616
ptshmem_perf_matrix_device,dev_get_nbi,device,nbi,get,65536,4,128,16384,1073741824,412.906311,413224292,2.600449,2.598448,410617310,2.614945347,1073741,994456.367,2.807774
ptshmem_perf_matrix_device,dev_get_nbi,device,nbi,get,65536,4,256,16384,1073741824,225.829315,226954437,4.754661,4.731090,221891514,4.839039604,1073741,982562.932,5.195875
ptshmem_perf_matrix_device,dev_get_nbi,device,nbi,get,65536,4,512,16384,1073741824,131.581772,132692294,8.160263,8.091968,128102588,8.381890177,1073741,973558.770,8.999979
ptshmem_perf_matrix_device,dev_get_nbi,device,nbi,get,65536,8,128,16384,1073741824,224.735794,225573872,4.777796,4.760045,221410212,4.849558719,1073741,985202.259,5.207170
ptshmem_perf_matrix_device,dev_get_nbi,device,nbi,get,65536,8,256,16384,1073741824,131.741913,132513970,8.150343,8.102858,127723918,8.406740420,1073741,969501.013,9.026662
ptshmem_perf_matrix_device,dev_get_nbi,device,nbi,get,65536,8,512,16384,1073741824,84.491486,85693874,12.708284,12.529972,80496734,13.338948932,1073741,952720.069,14.322576
ptshmem_perf_matrix_device,dev_get_nbi,device,nbi,get,65536,16,128,16384,1073741824,131.197662,131991390,8.184154,8.134938,127502728,8.421324319,1073741,971836.889,9.042321
ptshmem_perf_matrix_device,dev_get_nbi,device,nbi,get,65536,16,256,16384,1073741824,83.689331,84705486,12.830092,12.676178,80175774,13.392347469,1073741,958016.667,14.379913
ptshmem_perf_matrix_device,dev_get_nbi,device,nbi,get,65536,16,512,16384,1073741824,67.878937,69376592,15.818483,15.477004,62868154,17.079264392,1073741,926180.594,18.338706
ptshmem_perf_matrix_device,dev_get_nbi,device,nbi,get,65536,32,128,16384,1073741824,86.138100,86909159,12.465353,12.354760,81258686,13.213871364,1073741,943353.595,14.188275
ptshmem_perf_matrix_device,dev_get_nbi,device,nbi,get,65536,32,256,16384,1073741824,68.639122,70287832,15.643292,15.276354,63269628,16.970888844,1073741,921772.105,18.222339
ptshmem_perf_matrix_device,dev_get_nbi,device,nbi,get,65536,32,512,16384,1073741824,131.325378,132694746,8.176194,8.091819,123410610,8.700563298,1073741,939731.615,9.342152
ptshmem_perf_matrix_device,dev_get_nbi,device,nbi,get,65536,64,128,16384,1073741824,112.616905,113433588,9.534464,9.465819,106258414,10.105005181,1073741,943538.750,10.850158
ptshmem_perf_matrix_device,dev_get_nbi,device,nbi,get,65536,64,256,16384,1073741824,131.973419,132972388,8.136046,8.074923,122282728,8.780813460,1073741,926570.886,9.428319
ptshmem_perf_matrix_device,dev_get_nbi,device,nbi,get,65536,64,512,16384,1073741824,258.080780,259075549,4.160487,4.144512,245972564,4.365291017,1073741,953083.620,4.687192
ptshmem_perf_matrix_device,dev_c2c_put,device_c2c,blocking,put,65536,4,128,16384,1073741824,169.837448,171029773,6.322174,6.278099,166701110,6.441119822,1073741,981533.295,6.916094
ptshmem_perf_matrix_device,dev_c2c_put,device_c2c,blocking,put,65536,4,256,16384,1073741824,89.473862,91224260,12.000620,11.770354,85765456,12.519513964,1073741,958553.195,13.442715
ptshmem_perf_matrix_device,dev_c2c_put,device_c2c,blocking,put,65536,4,512,16384,1073741824,49.267315,50821026,21.794202,21.127905,45393060,23.654316849,1073741,921362.572,25.398610
ptshmem_perf_matrix_device,dev_c2c_put,device_c2c,blocking,put,65536,8,128,16384,1073741824,88.135696,89671012,12.182826,11.974236,84663608,12.682448213,1073741,960605.197,13.617665
ptshmem_perf_matrix_device,dev_c2c_put,device_c2c,blocking,put,65536,8,256,16384,1073741824,50.508629,51420208,21.258582,20.881709,45793698,23.447370946,1073741,906650.983,25.176404
ptshmem_perf_matrix_device,dev_c2c_put,device_c2c,blocking,put,65536,8,512,16384,1073741824,46.030739,47104445,23.326626,22.794915,40976606,26.203776467,1073741,890200.919,28.136069
ptshmem_perf_matrix_device,dev_c2c_put,device_c2c,blocking,put,65536,16,128,16384,1073741824,48.549015,49637279,22.116655,21.631762,44606502,24.071419543,1073741,918793.140,25.846470
ptshmem_perf_matrix_device,dev_c2c_put,device_c2c,blocking,put,65536,16,256,16384,1073741824,48.298199,49180829,22.231509,21.832528,43060692,24.935545021,1073741,891558.964,26.774317
ptshmem_perf_matrix_device,dev_c2c_put,device_c2c,blocking,put,65536,16,512,16384,1073741824,50.035984,50821983,21.459393,21.127507,44647982,24.049056103,1073741,892317.456,25.822458
ptshmem_perf_matrix_device,dev_c2c_put,device_c2c,blocking,put,65536,32,128,16384,1073741824,47.185444,48383220,22.755785,22.192442,43591144,24.632109311,1073741,923826.087,26.448506
ptshmem_perf_matrix_device,dev_c2c_put,device_c2c,blocking,put,65536,32,256,16384,1073741824,50.590832,51844618,21.224040,20.710767,45039600,23.839950266,1073741,890271.981,25.597932
ptshmem_perf_matrix_device,dev_c2c_put,device_c2c,blocking,put,65536,32,512,16384,1073741824,55.856350,56699312,19.223272,18.937475,45738584,23.475624519,1073741,818860.954,25.206741
ptshmem_perf_matrix_device,dev_c2c_put,device_c2c,blocking,put,65536,64,128,16384,1073741824,48.286999,49780371,22.236665,21.569583,43537176,24.662642887,1073741,901633.506,26.481291
ptshmem_perf_matrix_device,dev_c2c_put,device_c2c,blocking,put,65536,64,256,16384,1073741824,57.560101,57665652,18.654273,18.620128,49981628,21.482730094,1073741,868338.094,23.066888
ptshmem_perf_matrix_device,dev_c2c_put,device_c2c,blocking,put,65536,64,512,16384,1073741824,57.955696,57986071,18.526942,18.517237,46606040,23.038683913,1073741,804166.685,24.737580
ptshmem_perf_matrix_device,dev_c2c_get,device_c2c,blocking,get,65536,4,128,16384,1073741824,381.972290,381985968,2.811046,2.810946,381405726,2.815222087,1073741,998516.740,3.022819
ptshmem_perf_matrix_device,dev_c2c_get,device_c2c,blocking,get,65536,4,256,16384,1073741824,193.837280,194654532,5.539398,5.516141,193041112,5.562244295,1073741,995892.595,5.972410
ptshmem_perf_matrix_device,dev_c2c_get,device_c2c,blocking,get,65536,4,512,16384,1073741824,102.522377,103847105,10.473244,10.339641,99175822,10.826649100,1073741,967357.809,11.625017
ptshmem_perf_matrix_device,dev_c2c_get,device_c2c,blocking,get,65536,8,128,16384,1073741824,194.988007,196049093,5.506707,5.476903,191945530,5.593992337,1073741,984396.596,6.006499
ptshmem_perf_matrix_device,dev_c2c_get,device_c2c,blocking,get,65536,8,256,16384,1073741824,99.232277,100056340,10.820490,10.731372,97771946,10.982105480,1073741,985283.710,11.791937
ptshmem_perf_matrix_device,dev_c2c_get,device_c2c,blocking,get,65536,8,512,16384,1073741824,60.392284,60425224,17.779454,17.769762,58008698,18.510014205,1073741,960531.607,19.874961
ptshmem_perf_matrix_device,dev_c2c_get,device_c2c,blocking,get,65536,16,128,16384,1073741824,101.416679,102300136,10.587428,10.495996,98603486,10.889491514,1073741,972261.038,11.692494
ptshmem_perf_matrix_device,dev_c2c_get,device_c2c,blocking,get,65536,16,256,16384,1073741824,63.606152,64667918,16.881100,16.603934,59493168,18.048153428,1073741,935336.701,19.379042
ptshmem_perf_matrix_device,dev_c2c_get,device_c2c,blocking,get,65536,16,512,16384,1073741824,61.045425,61913084,17.589227,17.342729,57602062,18.640683801,1073741,943593.424,20.015266
ptshmem_perf_matrix_device,dev_c2c_get,device_c2c,blocking,get,65536,32,128,16384,1073741824,60.358913,61132056,17.789284,17.564301,58686178,18.296332469,1073741,972286.853,19.645522
ptshmem_perf_matrix_device,dev_c2c_get,device_c2c,blocking,get,65536,32,256,16384,1073741824,64.804626,64838956,16.568907,16.560134,59304896,18.105449911,1073741,915133.675,19.440564
ptshmem_perf_matrix_device,dev_c2c_get,device_c2c,blocking,get,65536,32,512,16384,1073741824,67.602242,67635230,15.883228,15.875481,59296080,18.108141786,1073741,877131.862,19.443454
ptshmem_perf_matrix_device,dev_c2c_get,device_c2c,blocking,get,65536,64,128,16384,1073741824,67.212082,68545882,15.975429,15.664571,61629504,17.422529054,1073741,916940.857,18.707284
ptshmem_perf_matrix_device,dev_c2c_get,device_c2c,blocking,get,65536,64,256,16384,1073741824,67.556580,68545934,15.893964,15.664559,58915762,18.225034991,1073741,872095.100,19.568967
ptshmem_perf_matrix_device,dev_c2c_get,device_c2c,blocking,get,65536,64,512,16384,1073741824,76.872543,76904523,13.967820,13.962011,61855404,17.358900833,1073741,804648.855,18.638964
ptshmem_perf_matrix_device,dev_put,device,blocking,put,1048576,4,128,1024,1073741824,169.997726,170042897,6.316213,6.314535,166923116,6.432553200,1073741,981913.814,6.906896
ptshmem_perf_matrix_device,dev_put,device,blocking,put,1048576,4,256,1024,1073741824,88.923965,90048776,12.074831,11.924002,86032336,12.480677312,1073741,967482.001,13.401015
ptshmem_perf_matrix_device,dev_put,device,blocking,put,1048576,4,512,1024,1073741824,46.292786,46321951,23.194582,23.179978,44822712,23.955306943,1073741,968244.001,25.721795
ptshmem_perf_matrix_device,dev_put,device,blocking,put,1048576,8,128,1024,1073741824,86.052322,86084495,12.477779,12.473115,84414676,12.719847719,1073741,980969.178,13.657822
ptshmem_perf_matrix_device,dev_put,device,blocking,put,1048576,8,256,1024,1073741824,46.104691,47180441,23.289210,22.758198,44639816,24.053455417,1073741,968227.212,25.827181
ptshmem_perf_matrix_device,dev_put,device,blocking,put,1048576,8,512,1024,1073741824,43.967995,44000366,24.420987,24.403020,41445448,25.907352335,1073741,942627.661,27.817786
ptshmem_perf_matrix_device,dev_put,device,blocking,put,1048576,16,128,1024,1073741824,49.505791,50674445,21.689217,21.189020,45838030,23.424693950,1073741,925912.491,25.152054
ptshmem_perf_matrix_device,dev_put,device,blocking,put,1048576,16,256,1024,1073741824,48.790821,49859407,22.007046,21.535391,45182818,23.764383709,1073741,926051.602,25.516793
ptshmem_perf_matrix_device,dev_put,device,blocking,put,1048576,16,512,1024,1073741824,52.156040,53038808,20.587104,20.244456,45403694,23.648776771,1073741,870535.682,25.392661
ptshmem_perf_matrix_device,dev_put,device,blocking,put,1048576,32,128,1024,1073741824,48.040379,48071845,22.350819,22.336189,44440924,24.161104841,1073741,925074.392,25.942769
ptshmem_perf_matrix_device,dev_put,device,blocking,put,1048576,32,256,1024,1073741824,47.972065,48981528,22.382648,21.921362,42452924,25.292529297,1073741,884950.940,27.157626
ptshmem_perf_matrix_device,dev_put,device,blocking,put,1048576,32,512,1024,1073741824,53.451794,54275928,20.088041,19.783021,45613384,23.540060610,1073741,853355.535,25.275928
ptshmem_perf_matrix_device,dev_put,device,blocking,put,1048576,64,128,1024,1073741824,49.650196,50484053,21.626135,21.268931,42624446,25.190751429,1073741,858495.019,27.048343
ptshmem_perf_matrix_device,dev_put,device,blocking,put,1048576,64,256,1024,1073741824,52.669685,53863901,20.386335,19.934349,45236142,23.736370445,1073741,858864.861,25.486714
ptshmem_perf_matrix_device,dev_put,device,blocking,put,1048576,64,512,1024,1073741824,63.897991,64886493,16.804000,16.548002,51255742,20.948712907,1073741,802149.505,22.493492
ptshmem_perf_matrix_device,dev_put_nbi,device,nbi,put,1048576,4,128,1024,1073741824,168.819351,170187588,6.360301,6.309166,166609492,6.444661772,1073741,986909.918,6.919898
ptshmem_perf_matrix_device,dev_put_nbi,device,nbi,put,1048576,4,256,1024,1073741824,89.165466,90761400,12.042126,11.830380,85789838,12.515955841,1073741,962141.977,13.438895
ptshmem_perf_matrix_device,dev_put_nbi,device,nbi,put,1048576,4,512,1024,1073741824,49.092075,49858282,21.871999,21.535877,45553786,23.570858062,1073741,927925.448,25.308997
ptshmem_perf_matrix_device,dev_put_nbi,device,nbi,put,1048576,8,128,1024,1073741824,87.766968,88593888,12.234008,12.119818,84173684,12.756265058,1073741,959058.814,13.696925
ptshmem_perf_matrix_device,dev_put_nbi,device,nbi,put,1048576,8,256,1024,1073741824,46.328541,46361149,23.176681,23.160380,44876026,23.926847355,1073741,968647.517,25.691237
ptshmem_perf_matrix_device,dev_put_nbi,device,nbi,put,1048576,8,512,1024,1073741824,43.922386,43953613,24.446345,24.428978,41402520,25.934214246,1073741,942629.115,27.846629
ptshmem_perf_matrix_device,dev_put_nbi,device,nbi,put,1048576,16,128,1024,1073741824,49.245735,50253317,21.803753,21.366586,45550332,23.572645398,1073741,924959.935,25.310916
ptshmem_perf_matrix_device,dev_put_nbi,device,nbi,put,1048576,16,256,1024,1073741824,47.531528,47566308,22.590097,22.573579,43678482,24.582855787,1073741,918937.038,26.395620
ptshmem_perf_matrix_device,dev_put_nbi,device,nbi,put,1048576,16,512,1024,1073741824,49.104645,50618358,21.866400,21.212498,43569816,24.644167054,1073741,887285.026,26.461453
ptshmem_perf_matrix_device,dev_put_nbi,device,nbi,put,1048576,32,128,1024,1073741824,47.498520,48033962,22.605795,22.353805,43877026,24.471618108,1073741,923755.647,26.276180
ptshmem_perf_matrix_device,dev_put_nbi,device,nbi,put,1048576,32,256,1024,1073741824,55.077019,55103592,19.495279,19.485877,49227708,21.811737081,1073741,893797.615,23.420156
ptshmem_perf_matrix_device,dev_put_nbi,device,nbi,put,1048576,32,512,1024,1073741824,54.105267,54907759,19.845422,19.555375,45589160,23.552568725,1073741,842601.153,25.289359
ptshmem_perf_matrix_device,dev_put_nbi,device,nbi,put,1048576,64,128,1024,1073741824,52.821678,53748637,20.327673,19.977099,47692706,22.513753445,1073741,902900.242,24.173940
ptshmem_perf_matrix_device,dev_put_nbi,device,nbi,put,1048576,64,256,1024,1073741824,53.277336,54089308,20.153820,19.851277,45647080,23.522683685,1073741,856782.327,25.257270
ptshmem_perf_matrix_device,dev_put_nbi,device,nbi,put,1048576,64,512,1024,1073741824,58.979580,59009649,18.205315,18.196038,48467474,22.153863929,1073741,821767.026,23.787512
ptshmem_perf_matrix_device,dev_get,device,blocking,get,1048576,4,128,1024,1073741824,383.461456,383835851,2.800130,2.797398,381612482,2.813696812,1073741,995178.200,3.021182
ptshmem_perf_matrix_device,dev_get,device,blocking,get,1048576,4,256,1024,1073741824,195.174332,196621617,5.501450,5.460955,193326356,5.554037464,1073741,990531.666,5.963598
ptshmem_perf_matrix_device,dev_get,device,blocking,get,1048576,4,512,1024,1073741824,101.857178,101891426,10.541641,10.538098,98451824,10.906266440,1073741,966567.366,11.710505
ptshmem_perf_matrix_device,dev_get,device,blocking,get,1048576,8,128,1024,1073741824,195.209610,196323039,5.500456,5.469260,192369120,5.581674564,1073741,985449.026,5.993273
ptshmem_perf_matrix_device,dev_get,device,blocking,get,1048576,8,256,1024,1073741824,99.153763,99182345,10.829058,10.825937,97663826,10.994263362,1073741,984973.472,11.804991
ptshmem_perf_matrix_device,dev_get,device,blocking,get,1048576,8,512,1024,1073741824,60.603336,61393625,17.717537,17.489468,58088218,18.484674878,1073741,958498.682,19.847753
ptshmem_perf_matrix_device,dev_get,device,blocking,get,1048576,16,128,1024,1073741824,100.148567,101014297,10.721490,10.629603,97461124,11.017129497,1073741,973165.435,11.829544
ptshmem_perf_matrix_device,dev_get,device,blocking,get,1048576,16,256,1024,1073741824,60.766491,60800196,17.669966,17.660170,58761104,18.273002903,1073741,966998.474,19.620472
ptshmem_perf_matrix_device,dev_get,device,blocking,get,1048576,16,512,1024,1073741824,63.800156,63834876,16.829768,16.820614,58083076,18.486311297,1073741,910390.820,19.849510
ptshmem_perf_matrix_device,dev_get,device,blocking,get,1048576,32,128,1024,1073741824,60.507591,60542571,17.745572,17.735319,58689524,18.295289360,1073741,969953.072,19.644402
ptshmem_perf_matrix_device,dev_get,device,blocking,get,1048576,32,256,1024,1073741824,65.076332,65920826,16.499729,16.288355,57944832,18.530415689,1073741,890413.306,19.896867
ptshmem_perf_matrix_device,dev_get,device,blocking,get,1048576,32,512,1024,1073741824,68.200287,69455620,15.743949,15.459394,59707274,17.983434045,1073741,875469.543,19.309550
ptshmem_perf_matrix_device,dev_get,device,blocking,get,1048576,64,128,1024,1073741824,66.291939,67662003,16.197170,15.869199,61646240,17.417799107,1073741,929920.608,18.702205
ptshmem_perf_matrix_device,dev_get,device,blocking,get,1048576,64,256,1024,1073741824,71.451996,72200943,15.027457,14.871576,64349678,16.686048126,1073741,900600.147,17.916494
ptshmem_perf_matrix_device,dev_get,device,blocking,get,1048576,64,512,1024,1073741824,78.962700,79428982,13.598089,13.518262,67682572,15.864376785,1073741,857146.122,17.034232
ptshmem_perf_matrix_device,dev_get_nbi,device,nbi,get,1048576,4,128,1024,1073741824,385.902832,386987206,2.782415,2.774618,381050814,2.817844194,1073741,987426.840,3.025635
ptshmem_perf_matrix_device,dev_get_nbi,device,nbi,get,1048576,4,256,1024,1073741824,194.884903,195942389,5.509620,5.479885,192513044,5.577501668,1073741,987829.437,5.988792
ptshmem_perf_matrix_device,dev_get_nbi,device,nbi,get,1048576,4,512,1024,1073741824,102.168732,102985652,10.509495,10.426130,98548164,10.895604549,1073741,964562.860,11.699057
ptshmem_perf_matrix_device,dev_get_nbi,device,nbi,get,1048576,8,128,1024,1073741824,194.451126,195580349,5.521911,5.490029,192054314,5.590823771,1073741,987673.961,6.003097
ptshmem_perf_matrix_device,dev_get_nbi,device,nbi,get,1048576,8,256,1024,1073741824,101.164925,101651446,10.613776,10.562976,98372840,10.915023130,1073741,972400.665,11.719908
ptshmem_perf_matrix_device,dev_get_nbi,device,nbi,get,1048576,8,512,1024,1073741824,64.031883,64821830,16.768862,16.564510,59974526,17.903298210,1073741,936635.360,19.223505
ptshmem_perf_matrix_device,dev_get_nbi,device,nbi,get,1048576,16,128,1024,1073741824,102.165558,103173323,10.509822,10.407165,97760916,10.983344550,1073741,956887.214,11.793267
ptshmem_perf_matrix_device,dev_get_nbi,device,nbi,get,1048576,16,256,1024,1073741824,63.884026,64713940,16.807673,16.592126,59520478,18.039872328,1073741,931695.795,19.370151
ptshmem_perf_matrix_device,dev_get_nbi,device,nbi,get,1048576,16,512,1024,1073741824,64.930115,66406820,16.536885,16.169150,60142636,17.853255118,1073741,926267.206,19.169772
ptshmem_perf_matrix_device,dev_get_nbi,device,nbi,get,1048576,32,128,1024,1073741824,61.249973,61286288,17.530486,17.520099,58613914,18.318889675,1073741,956962.278,19.669743
ptshmem_perf_matrix_device,dev_get_nbi,device,nbi,get,1048576,32,256,1024,1073741824,65.185570,66628071,16.472079,16.115457,60261206,17.818127038,1073741,924456.229,19.132054
ptshmem_perf_matrix_device,dev_get_nbi,device,nbi,get,1048576,32,512,1024,1073741824,67.570107,68320399,15.890782,15.716270,59028764,18.190145808,1073741,873592.881,19.531505
ptshmem_perf_matrix_device,dev_get_nbi,device,nbi,get,1048576,64,128,1024,1073741824,65.004662,65041168,16.517920,16.508649,59728434,17.977063052,1073741,918833.089,19.302710
ptshmem_perf_matrix_device,dev_get_nbi,device,nbi,get,1048576,64,256,1024,1073741824,69.206360,69240047,15.515074,15.507526,61252436,17.529781575,1073741,885069.466,18.822445
ptshmem_perf_matrix_device,dev_get_nbi,device,nbi,get,1048576,64,512,1024,1073741824,82.105469,83308269,13.077592,12.888778,69696138,15.406044794,1073741,848861.094,16.542102
ptshmem_perf_matrix_device,dev_c2c_put,device_c2c,blocking,put,1048576,4,128,1024,1073741824,167.121368,168452136,6.424922,6.374166,164768932,6.516652205,1073741,985923.784,6.997197
ptshmem_perf_matrix_device,dev_c2c_put,device_c2c,blocking,put,1048576,4,256,1024,1073741824,87.344383,87375448,12.293198,12.288828,83950172,12.790227803,1073741,961139.903,13.733392
ptshmem_perf_matrix_device,dev_c2c_put,device_c2c,blocking,put,1048576,4,512,1024,1073741824,48.916130,49941217,21.950670,21.500113,43098186,24.913851919,1073741,881062.871,26.751024
ptshmem_perf_matrix_device,dev_c2c_put,device_c2c,blocking,put,1048576,8,128,1024,1073741824,86.504295,86540622,12.412584,12.407374,82774518,12.971888571,1073741,956883.328,13.928449
ptshmem_perf_matrix_device,dev_c2c_put,device_c2c,blocking,put,1048576,8,256,1024,1073741824,46.367142,47646561,23.157387,22.535558,44934382,23.895773708,1073741,969099.676,25.657872
ptshmem_perf_matrix_device,dev_c2c_put,device_c2c,blocking,put,1048576,8,512,1024,1073741824,49.321110,50184804,21.770431,21.395756,45276932,23.714986342,1073741,918003.107,25.463753
ptshmem_perf_matrix_device,dev_c2c_put,device_c2c,blocking,put,1048576,16,128,1024,1073741824,49.543072,50365763,21.672896,21.318883,46260204,23.210918482,1073741,933737.097,24.922515
ptshmem_perf_matrix_device,dev_c2c_put,device_c2c,blocking,put,1048576,16,256,1024,1073741824,47.358383,48201735,22.672688,22.275999,41095110,26.128213892,1073741,867747.318,28.054935
ptshmem_perf_matrix_device,dev_c2c_put,device_c2c,blocking,put,1048576,16,512,1024,1073741824,50.150333,51488216,21.410462,20.854128,44926124,23.900166059,1073741,895829.019,25.662588
ptshmem_perf_matrix_device,dev_c2c_put,device_c2c,blocking,put,1048576,32,128,1024,1073741824,49.550076,50606335,21.669832,21.217538,46593062,23.045101093,1073741,940322.724,24.744470
ptshmem_perf_matrix_device,dev_c2c_put,device_c2c,blocking,put,1048576,32,256,1024,1073741824,49.648346,50473672,21.626941,21.273305,43858064,24.482198393,1073741,883374.122,26.287540
ptshmem_perf_matrix_device,dev_c2c_put,device_c2c,blocking,put,1048576,32,512,1024,1073741824,49.576210,49607755,21.658409,21.644636,43039388,24.947887828,1073741,868145.991,26.787570
ptshmem_perf_matrix_device,dev_c2c_put,device_c2c,blocking,put,1048576,64,128,1024,1073741824,56.535053,58334506,18.992497,18.406633,52105578,20.607041803,1073741,921650.817,22.126626
ptshmem_perf_matrix_device,dev_c2c_put,device_c2c,blocking,put,1048576,64,256,1024,1073741824,52.290684,53414365,20.534094,20.102117,43999076,24.403735751,1073741,841432.409,26.203292
ptshmem_perf_matrix_device,dev_c2c_put,device_c2c,blocking,put,1048576,64,512,1024,1073741824,63.141800,64666958,17.005246,16.604180,51470490,20.861309539,1073741,815157.155,22.399643
ptshmem_perf_matrix_device,dev_c2c_get,device_c2c,blocking,get,1048576,4,128,1024,1073741824,383.078552,383972450,2.802929,2.796403,379484730,2.829473070,1073741,990618.576,3.038121
ptshmem_perf_matrix_device,dev_c2c_get,device_c2c,blocking,get,1048576,4,256,1024,1073741824,197.020462,197804807,5.449900,5.428290,190707308,5.630312940,1073741,967956.861,6.045498
ptshmem_perf_matrix_device,dev_c2c_get,device_c2c,blocking,get,1048576,4,512,1024,1073741824,101.377312,102220727,10.591540,10.504150,96955644,11.074567500,1073741,956384.051,11.891217
ptshmem_perf_matrix_device,dev_c2c_get,device_c2c,blocking,get,1048576,8,128,1024,1073741824,193.359604,194171856,5.553082,5.529853,190246762,5.643942702,1073741,983901.281,6.060133
ptshmem_perf_matrix_device,dev_c2c_get,device_c2c,blocking,get,1048576,8,256,1024,1073741824,97.024666,97054171,11.066689,11.063325,95589058,11.232894711,1073741,985203.682,12.061220
ptshmem_perf_matrix_device,dev_c2c_get,device_c2c,blocking,get,1048576,8,512,1024,1073741824,62.416126,62448255,17.202955,17.194105,57882226,18.550458374,1073741,927360.115,19.918388
ptshmem_perf_matrix_device,dev_c2c_get,device_c2c,blocking,get,1048576,16,128,1024,1073741824,99.277122,99807959,10.815602,10.758078,95342776,11.261910645,1073741,960370.059,12.092375
ptshmem_perf_matrix_device,dev_c2c_get,device_c2c,blocking,get,1048576,16,256,1024,1073741824,63.125896,64174873,17.009530,16.731499,59586820,18.019787329,1073741,943936.219,19.348584
ptshmem_perf_matrix_device,dev_c2c_get,device_c2c,blocking,get,1048576,16,512,1024,1073741824,61.165344,61196809,17.554742,17.545716,57588724,18.645001129,1073741,941525.380,20.019902
ptshmem_perf_matrix_device,dev_c2c_get,device_c2c,blocking,get,1048576,32,128,1024,1073741824,63.009220,63081088,17.041027,17.021612,59359666,18.088744367,1073741,942079.046,19.422626
ptshmem_perf_matrix_device,dev_c2c_get,device_c2c,blocking,get,1048576,32,256,1024,1073741824,64.652382,66501877,16.607924,16.146038,59851350,17.940143773,1073741,925740.835,19.263068
ptshmem_perf_matrix_device,dev_c2c_get,device_c2c,blocking,get,1048576,32,512,1024,1073741824,68.826393,69602056,15.600728,15.426869,60132506,17.856262701,1073741,873683.819,19.173001
ptshmem_perf_matrix_device,dev_c2c_get,device_c2c,blocking,get,1048576,64,128,1024,1073741824,61.830246,61861932,17.365964,17.357069,58529598,18.345279323,1073741,946617.583,19.698079
ptshmem_perf_matrix_device,dev_c2c_get,device_c2c,blocking,get,1048576,64,256,1024,1073741824,64.961365,64993966,16.528930,16.520639,59249082,18.122505662,1073741,912066.460,19.458877
ptshmem_perf_matrix_device,dev_c2c_get,device_c2c,blocking,get,1048576,64,512,1024,1073741824,71.612526,72817190,14.993771,14.745719,61153648,17.558099298,1073741,853951.836,18.852851
ptshmem_perf_matrix_device,dev_put,device,blocking,put,33554432,4,128,32,1073741824,170.730667,171522052,6.289098,6.260080,167332112,6.416830644,1073741,980094.056,6.890014
ptshmem_perf_matrix_device,dev_put,device,blocking,put,33554432,4,256,32,1073741824,86.773209,87866799,12.374117,12.220109,83818264,12.810356273,1073741,965946.348,13.755005
ptshmem_perf_matrix_device,dev_put,device,blocking,put,33554432,4,512,32,1073741824,47.403412,48222102,22.651151,22.266591,44333710,24.219534616,1073741,935243.018,26.005507
ptshmem_perf_matrix_device,dev_put,device,blocking,put,33554432,8,128,32,1073741824,83.243942,84099969,12.898738,12.767446,82393854,13.031819388,1073741,989787.987,13.992799
ptshmem_perf_matrix_device,dev_put,device,blocking,put,33554432,8,256,32,1073741824,48.820332,49641783,21.993743,21.629800,45276614,23.715152904,1073741,927413.079,25.463932
ptshmem_perf_matrix_device,dev_put,device,blocking,put,33554432,8,512,32,1073741824,46.508595,47991627,23.086955,22.373524,42749552,25.117031028,1073741,919175.315,26.969186
ptshmem_perf_matrix_device,dev_put,device,blocking,put,33554432,16,128,32,1073741824,48.921440,50206664,21.948287,21.386440,46511472,23.085526599,1073741,950737.997,24.787876
ptshmem_perf_matrix_device,dev_put,device,blocking,put,33554432,16,256,32,1073741824,47.554699,48939910,22.579090,21.940004,43342348,24.773503826,1073741,911420.931,26.600327
ptshmem_perf_matrix_device,dev_put,device,blocking,put,33554432,16,512,32,1073741824,54.868320,55835694,19.569431,19.230384,48444766,22.164248332,1073741,882927.810,23.798662
ptshmem_perf_matrix_device,dev_put,device,blocking,put,33554432,32,128,32,1073741824,45.522045,46308621,23.587293,23.186651,43849926,24.486741984,1073741,963267.926,26.292419
ptshmem_perf_matrix_device,dev_put,device,blocking,put,33554432,32,256,32,1073741824,53.498482,54622368,20.070510,19.657548,47737222,22.492758879,1073741,892309.846,24.151397
ptshmem_perf_matrix_device,dev_put,device,blocking,put,33554432,32,512,32,1073741824,53.950603,54752472,19.902313,19.610837,45515310,23.590783497,1073741,843647.838,25.330391
ptshmem_perf_matrix_device,dev_put,device,blocking,put,33554432,64,128,32,1073741824,48.021648,49012047,22.359537,21.907712,41662074,25.772644540,1073741,867568.594,27.673145
ptshmem_perf_matrix_device,dev_put,device,blocking,put,33554432,64,256,32,1073741824,49.565506,49597120,21.663086,21.649278,43808882,24.509683310,1073741,883858.263,26.317052
ptshmem_perf_matrix_device,dev_put,device,blocking,put,33554432,64,512,32,1073741824,58.305225,58338451,18.415876,18.405388,47689832,22.515110223,1073741,817934.099,24.175397
ptshmem_perf_matrix_device,dev_put_nbi,device,nbi,put,33554432,4,128,32,1073741824,166.976715,167002832,6.430488,6.429483,164722702,6.518481126,1073741,986501.033,6.999160
ptshmem_perf_matrix_device,dev_put_nbi,device,nbi,put,33554432,4,256,32,1073741824,87.072441,88364767,12.331592,12.151244,83888144,12.799685066,1073741,963429.335,13.743547
ptshmem_perf_matrix_device,dev_put_nbi,device,nbi,put,33554432,4,512,32,1073741824,47.389740,47424451,22.657685,22.641102,44236378,24.272824145,1073741,933458.973,26.062726
ptshmem_perf_matrix_device,dev_put_nbi,device,nbi,put,33554432,8,128,32,1073741824,86.788834,87650812,12.371889,12.250221,82810672,12.966225223,1073741,954162.748,13.922368
ptshmem_perf_matrix_device,dev_put_nbi,device,nbi,put,33554432,8,256,32,1073741824,46.433395,48171918,23.124344,22.289788,44076906,24.360644189,1073741,949250.117,26.157022
ptshmem_perf_matrix_device,dev_put_nbi,device,nbi,put,33554432,8,512,32,1073741824,46.818695,47074643,22.934040,22.809346,42950530,24.999501147,1073741,917379.904,26.842989
ptshmem_perf_matrix_device,dev_put_nbi,device,nbi,put,33554432,16,128,32,1073741824,47.178211,47212802,22.759274,22.742599,46013582,23.335323557,1073741,975314.257,25.056094
ptshmem_perf_matrix_device,dev_put_nbi,device,nbi,put,33554432,16,256,32,1073741824,48.064854,49035506,22.339438,21.897231,43317454,24.787740849,1073741,901229.291,26.615614
ptshmem_perf_matrix_device,dev_put_nbi,device,nbi,put,33554432,16,512,32,1073741824,52.411880,53741050,20.486611,19.979919,46887004,22.900627730,1073741,894587.326,24.589343
ptshmem_perf_matrix_device,dev_put_nbi,device,nbi,put,33554432,32,128,32,1073741824,45.397041,46150809,23.652242,23.265937,43590624,24.632403152,1073741,960208.479,26.448821
ptshmem_perf_matrix_device,dev_put_nbi,device,nbi,put,33554432,32,256,32,1073741824,48.681396,48715258,22.056512,22.041181,42722692,25.132822248,1073741,877597.914,26.986142
ptshmem_perf_matrix_device,dev_put_nbi,device,nbi,put,33554432,32,512,32,1073741824,53.219299,53595554,20.175798,20.034159,45395986,23.652792209,1073741,852998.566,25.396973
ptshmem_perf_matrix_device,dev_put_nbi,device,nbi,put,33554432,64,128,32,1073741824,49.620770,50738620,21.638960,21.162220,44537820,24.108540202,1073741,897564.073,25.886328
ptshmem_perf_matrix_device,dev_put_nbi,device,nbi,put,33554432,64,256,32,1073741824,52.574764,54110129,20.423141,19.843638,45272428,23.717345666,1073741,861105.678,25.466286
ptshmem_perf_matrix_device,dev_put_nbi,device,nbi,put,33554432,64,512,32,1073741824,60.621475,61430659,17.712235,17.478924,48344556,22.210191030,1073741,797482.341,23.847993
ptshmem_perf_matrix_device,dev_get,device,blocking,get,33554432,4,128,32,1073741824,381.064423,381847203,2.817744,2.811967,379455402,2.829691759,1073741,995777.563,3.038356
ptshmem_perf_matrix_device,dev_get,device,blocking,get,33554432,4,256,32,1073741824,193.565643,194610388,5.547172,5.517392,191146990,5.617361927,1073741,987504.739,6.031592
ptshmem_perf_matrix_device,dev_get,device,blocking,get,33554432,4,512,32,1073741824,100.632698,100662981,10.669910,10.666700,96758356,11.097148281,1073741,961500.167,11.915463
ptshmem_perf_matrix_device,dev_get,device,blocking,get,33554432,8,128,32,1073741824,192.826401,192852735,5.568438,5.567677,190185642,5.645756497,1073741,986304.994,6.062080
ptshmem_perf_matrix_device,dev_get,device,blocking,get,33554432,8,256,32,1073741824,100.396622,101380993,10.695000,10.591155,95487836,11.244802155,1073741,951106.067,12.074005
ptshmem_perf_matrix_device,dev_get,device,blocking,get,33554432,8,512,32,1073741824,60.463234,61598122,17.758591,17.431405,57925872,18.536480970,1073741,958034.631,19.903380
ptshmem_perf_matrix_device,dev_get,device,blocking,get,33554432,16,128,32,1073741824,99.464554,99697507,10.795221,10.769997,96308744,11.148954699,1073741,968272.015,11.971090
ptshmem_perf_matrix_device,dev_get,device,blocking,get,33554432,16,256,32,1073741824,60.319004,60353914,17.801054,17.790757,58336154,18.406112683,1073741,967127.275,19.763398
ptshmem_perf_matrix_device,dev_get,device,blocking,get,33554432,16,512,32,1073741824,61.177738,61209758,17.551185,17.542004,57594518,18.643125445,1073741,941429.345,20.017888
ptshmem_perf_matrix_device,dev_get,device,blocking,get,33554432,32,128,32,1073741824,63.086914,64455913,17.020040,16.658547,58752648,18.275632853,1073741,931296.908,19.623296
ptshmem_perf_matrix_device,dev_get,device,blocking,get,33554432,32,256,32,1073741824,64.396393,65489342,16.673944,16.395673,58844038,18.247249178,1073741,913778.481,19.592820
ptshmem_perf_matrix_device,dev_get,device,blocking,get,33554432,32,512,32,1073741824,69.661438,70533507,15.413719,15.223145,60220626,17.830133881,1073741,864475.781,19.144946
ptshmem_perf_matrix_device,dev_get,device,blocking,get,33554432,64,128,32,1073741824,65.555252,66661506,16.379188,16.107374,60157126,17.848954819,1073741,917655.323,19.165155
ptshmem_perf_matrix_device,dev_get,device,blocking,get,33554432,64,256,32,1073741824,65.459419,65490249,16.403168,16.395446,59771860,17.964002191,1073741,913113.203,19.288686
ptshmem_perf_matrix_device,dev_get,device,blocking,get,33554432,64,512,32,1073741824,77.429710,77511302,13.867310,13.852713,65103058,16.492955277,1073741,840802.034,17.709162
ptshmem_perf_matrix_device,dev_get_nbi,device,nbi,get,33554432,4,128,32,1073741824,381.869507,382239534,2.811803,2.809081,379416688,2.829980488,1073741,993576.814,3.038666
ptshmem_perf_matrix_device,dev_get_nbi,device,nbi,get,33554432,4,256,32,1073741824,193.943420,195049814,5.536366,5.504962,191133538,5.617757277,1073741,985511.845,6.032016
ptshmem_perf_matrix_device,dev_get_nbi,device,nbi,get,33554432,4,512,32,1073741824,99.776947,101281585,10.761422,10.601550,96710574,11.102631073,1073741,969267.721,11.921350
ptshmem_perf_matrix_device,dev_get_nbi,device,nbi,get,33554432,8,128,32,1073741824,190.733643,191767954,5.629536,5.599172,189716310,5.659723321,1073741,994666.213,6.077077
ptshmem_perf_matrix_device,dev_get_nbi,device,nbi,get,33554432,8,256,32,1073741824,99.546783,100499802,10.786304,10.684019,96495952,11.127325051,1073741,969352.787,11.947865
ptshmem_perf_matrix_device,dev_get_nbi,device,nbi,get,33554432,8,512,32,1073741824,60.402157,60436266,17.776548,17.766515,57894920,18.546391013,1073741,958490.939,19.914020
ptshmem_perf_matrix_device,dev_get_nbi,device,nbi,get,33554432,16,128,32,1073741824,98.401604,99141674,10.911833,10.830378,95505674,11.242701915,1073741,970570.300,12.071750
ptshmem_perf_matrix_device,dev_get_nbi,device,nbi,get,33554432,16,256,32,1073741824,64.037468,65475042,16.767400,16.399254,59675174,17.993107553,1073741,931879.037,19.319937
ptshmem_perf_matrix_device,dev_get_nbi,device,nbi,get,33554432,16,512,32,1073741824,62.888916,63027344,17.073626,17.036127,57495350,18.675281114,1073741,914236.620,20.052415
ptshmem_perf_matrix_device,dev_get_nbi,device,nbi,get,33554432,32,128,32,1073741824,60.166855,61216582,17.846069,17.540049,58353780,18.400553040,1073741,969865.886,19.757428
ptshmem_perf_matrix_device,dev_get_nbi,device,nbi,get,33554432,32,256,32,1073741824,61.053535,61085980,17.586890,17.577549,57637176,18.629327433,1073741,944043.217,20.003073
ptshmem_perf_matrix_device,dev_get_nbi,device,nbi,get,33554432,32,512,32,1073741824,69.986954,70736414,15.342028,15.179478,61707846,17.400410055,1073741,881704.985,18.683534
ptshmem_perf_matrix_device,dev_get_nbi,device,nbi,get,33554432,64,128,32,1073741824,63.541924,63572274,16.898164,16.890096,58352478,18.400963606,1073741,918330.368,19.757869
ptshmem_perf_matrix_device,dev_get_nbi,device,nbi,get,33554432,64,256,32,1073741824,69.109894,70171762,15.536731,15.301623,61563884,17.441099460,1073741,890811.440,18.727224
ptshmem_perf_matrix_device,dev_get_nbi,device,nbi,get,33554432,64,512,32,1073741824,76.483551,77248259,14.038859,13.899884,64491104,16.649456396,1073741,843202.272,17.877204
ptshmem_perf_matrix_device,dev_c2c_put,device_c2c,blocking,put,33554432,4,128,32,1073741824,166.972031,167044079,6.430669,6.427895,164660990,6.520924136,1073741,986159.115,7.001784
ptshmem_perf_matrix_device,dev_c2c_put,device_c2c,blocking,put,33554432,4,256,32,1073741824,86.276772,87294295,12.445318,12.300252,83832068,12.808246887,1073741,971664.406,13.752740
ptshmem_perf_matrix_device,dev_c2c_put,device_c2c,blocking,put,33554432,4,512,32,1073741824,44.791168,45743890,23.972177,23.472901,43316056,24.788540859,1073741,967066.896,26.616473
ptshmem_perf_matrix_device,dev_c2c_put,device_c2c,blocking,put,33554432,8,128,32,1073741824,85.027397,86236852,12.628186,12.451079,82743192,12.976799638,1073741,973135.657,13.933722
ptshmem_perf_matrix_device,dev_c2c_put,device_c2c,blocking,put,33554432,8,256,32,1073741824,46.985821,48031308,22.852465,22.355040,43975054,24.417066640,1073741,935921.801,26.217606
ptshmem_perf_matrix_device,dev_c2c_put,device_c2c,blocking,put,33554432,8,512,32,1073741824,62.228088,62985942,17.254938,17.047325,57741418,18.595695450,1073741,927899.595,19.966961
ptshmem_perf_matrix_device,dev_c2c_put,device_c2c,blocking,put,33554432,16,128,32,1073741824,49.410534,50421646,21.731031,21.295255,46860798,22.913434466,1073741,948396.917,24.603094
ptshmem_perf_matrix_device,dev_c2c_put,device_c2c,blocking,put,33554432,16,256,32,1073741824,43.522217,44340195,24.671120,24.215992,41557954,25.837215759,1073741,954867.584,27.742478
ptshmem_perf_matrix_device,dev_c2c_put,device_c2c,blocking,put,33554432,16,512,32,1073741824,52.655411,53482243,20.391861,20.076604,46957296,22.866346989,1073741,891784.820,24.552534
ptshmem_perf_matrix_device,dev_c2c_put,device_c2c,blocking,put,33554432,32,128,32,1073741824,45.975029,46005677,23.354892,23.339333,44165964,24.311522420,1073741,960651.140,26.104278
ptshmem_perf_matrix_device,dev_c2c_put,device_c2c,blocking,put,33554432,32,256,32,1073741824,55.717201,56877400,19.271281,18.878181,50802904,21.135441864,1073741,911799.281,22.693990
ptshmem_perf_matrix_device,dev_c2c_put,device_c2c,blocking,put,33554432,32,512,32,1073741824,52.963840,53906909,20.273111,19.918445,43797614,24.515989022,1073741,826934.256,26.323823
ptshmem_perf_matrix_device,dev_c2c_put,device_c2c,blocking,put,33554432,64,128,32,1073741824,48.324409,49347481,22.219450,21.758797,43306492,24.794015271,1073741,896161.846,26.622351
ptshmem_perf_matrix_device,dev_c2c_put,device_c2c,blocking,put,33554432,64,256,32,1073741824,52.959724,53713956,20.274687,19.989997,44813298,23.960339273,1073741,846176.948,25.727199
ptshmem_perf_matrix_device,dev_c2c_put,device_c2c,blocking,put,33554432,64,512,32,1073741824,58.157742,58190283,18.462578,18.452253,47538036,22.587004310,1073741,817398.247,24.252593
ptshmem_perf_matrix_device,dev_c2c_get,device_c2c,blocking,get,33554432,4,128,32,1073741824,381.579742,382684730,2.813938,2.805813,379372466,2.830310368,1073741,994215.426,3.039020
ptshmem_perf_matrix_device,dev_c2c_get,device_c2c,blocking,get,33554432,4,256,32,1073741824,193.836365,194568473,5.539424,5.518581,190586304,5.633887648,1073741,983232.967,6.049336
ptshmem_perf_matrix_device,dev_c2c_get,device_c2c,blocking,get,33554432,4,512,32,1073741824,100.168289,100199071,10.719379,10.716086,96828302,11.089132018,1073741,966656.242,11.906856
ptshmem_perf_matrix_device,dev_c2c_get,device_c2c,blocking,get,33554432,8,128,32,1073741824,192.619003,193486709,5.574433,5.549435,190050208,5.649779789,1073741,986663.853,6.066400
ptshmem_perf_matrix_device,dev_c2c_get,device_c2c,blocking,get,33554432,8,256,32,1073741824,96.912323,97760594,11.079518,10.983381,95465838,11.247393272,1073741,985074.292,12.076787
ptshmem_perf_matrix_device,dev_c2c_get,device_c2c,blocking,get,33554432,8,512,32,1073741824,63.863129,64644484,16.813173,16.609953,59298462,18.107414388,1073741,928524.224,19.442673
ptshmem_perf_matrix_device,dev_c2c_get,device_c2c,blocking,get,33554432,16,128,32,1073741824,98.507484,98685349,10.900104,10.880458,96250822,11.155663938,1073741,977091.462,11.978294
ptshmem_perf_matrix_device,dev_c2c_get,device_c2c,blocking,get,33554432,16,256,32,1073741824,60.254162,60285709,17.820210,17.810885,58278834,18.424215968,1073741,967216.740,19.782836
ptshmem_perf_matrix_device,dev_c2c_get,device_c2c,blocking,get,33554432,16,512,32,1073741824,65.263367,66111755,16.452443,16.241315,60941448,17.619237141,1073741,933777.264,18.918497
ptshmem_perf_matrix_device,dev_c2c_get,device_c2c,blocking,get,33554432,32,128,32,1073741824,60.724609,60755104,17.682153,17.673278,58936288,18.218687678,1073741,970550.303,19.562152
ptshmem_perf_matrix_device,dev_c2c_get,device_c2c,blocking,get,33554432,32,256,32,1073741824,63.042061,63723618,17.032150,16.849982,59816518,17.950590571,1073741,948835.066,19.274285
ptshmem_perf_matrix_device,dev_c2c_get,device_c2c,blocking,get,33554432,32,512,32,1073741824,65.952927,65983635,16.280427,16.272850,59316528,18.101899423,1073741,899376.738,19.436752
ptshmem_perf_matrix_device,dev_c2c_get,device_c2c,blocking,get,33554432,64,128,32,1073741824,61.778210,61808942,17.380591,17.371950,58506806,18.352425938,1073741,947045.994,19.705752
ptshmem_perf_matrix_device,dev_c2c_get,device_c2c,blocking,get,33554432,64,256,32,1073741824,64.984428,65015860,16.523063,16.515075,59274506,18.114732563,1073741,912133.990,19.450531
ptshmem_perf_matrix_device,dev_c2c_get,device_c2c,blocking,get,33554432,64,512,32,1073741824,75.333755,75515352,14.253130,14.218855,63103816,17.015481663,1073741,837656.580,18.270220
